{"main":"bookmyshow-shalloo-nandini.raml","name":"BMS-Shalloo-Nandini","classifier":"raml","tags":[],"groupId":"4c2825dd-e397-4b98-8eb5-fdf4c967c16e","assetId":"bms-shalloo-nandini","version":"1.0.1","apiVersion":"v1","originalFormatVersion":"1.0","dependencies":[{"groupId":"4c2825dd-e397-4b98-8eb5-fdf4c967c16e","assetId":"eticket_example","version":"1.0.0"},{"groupId":"4c2825dd-e397-4b98-8eb5-fdf4c967c16e","assetId":"ticketexamples","version":"1.0.0"},{"groupId":"4c2825dd-e397-4b98-8eb5-fdf4c967c16e","assetId":"eticketdatatype","version":"1.0.0"}],"metadata":{"projectId":"9d3de20c-ac0d-42f0-a9bf-2bee3fcd71a2","branchId":"master","commitId":"9bd9224660f7ddd2efbe1a8b0026350c408cfeb6"}}